Time,Channel 1,Channel 2
179.5223047733307,0.52,-0.016
179.52257048805555,0.536,-0.008
179.5228362027804,0.52,-0.016
179.52310191750527,0.528,-0.008
179.52336763223013,0.528,-0.016
179.523633346955,0.52,-0.008
179.52389906167983,0.528,-0.016
179.5241647764047,0.52,-0.008
179.52443049112955,0.52,-0.016
179.5246962058544,0.536,-0.008
179.52496192057927,0.528,-0.016
179.52522763530413,0.52,-0.008
179.525493350029,0.528,-0.016
179.52575906475386,0.52,-0.008
179.52602477947872,0.52,-0.016
179.52629049420358,0.536,-0.008
179.52655620892844,0.52,-0.016
179.52682192365327,0.536,0.0
179.52708763837813,0.52,-0.016
179.527353353103,0.536,0.008
179.52761906782786,0.52,0.008
179.52788478255272,0.536,0.07200000000000001
179.52815049727758,0.52,0.08
179.52841621200244,0.536,0.184
179.5286819267273,0.528,0.192
179.52894764145216,0.52,0.248
179.52921335617702,0.52,0.24
179.52947907090186,0.536,0.264
179.52974478562672,0.52,0.272
179.53001050035158,0.544,0.264
179.53027621507644,0.52,0.264
179.5305419298013,0.536,0.28800000000000003
179.53080764452616,0.52,0.296
179.53107335925102,0.536,0.272
179.5313390739759,0.52,0.28
179.53160478870075,0.528,0.264
179.5318705034256,0.528,0.272
179.53213621815047,0.52,0.28800000000000003
179.5324019328753,0.52,0.296
179.53266764760016,0.536,0.272
179.53293336232502,0.536,0.28
179.5331990770499,0.512,0.264
179.53346479177475,0.512,0.272
179.5337305064996,0.528,0.28800000000000003
179.53399622122447,0.52,0.272
179.53426193594933,0.536,0.28800000000000003
179.5345276506742,0.52,0.296
179.53479336539905,0.528,0.28
179.53505908012392,0.52,0.28
179.53532479484875,0.536,0.272
179.5355905095736,0.52,0.28
179.53585622429847,0.536,0.296
179.53612193902333,0.536,0.296
179.5363876537482,0.512,0.272
179.53665336847305,0.52,0.28
179.53691908319792,0.536,0.264
179.53718479792278,0.52,0.264
179.53745051264764,0.536,0.28
179.5377162273725,0.536,0.28
179.53798194209733,0.512,0.272
179.5382476568222,0.52,0.28
179.53851337154705,0.536,0.264
179.53877908627192,0.52,0.28
179.53904480099678,0.536,0.264
179.53931051572164,0.536,0.272
179.5395762304465,0.52,0.28
179.53984194517136,0.52,0.28
179.54010765989622,0.528,0.264
179.54037337462108,0.52,0.272
179.54063908934594,0.528,0.28
179.54090480407078,0.52,0.272
179.54117051879564,0.536,0.296
179.5414362335205,0.52,0.296
179.54170194824536,0.536,0.28
179.54196766297022,0.52,0.28
179.54223337769508,0.536,0.272
179.54249909241994,0.52,0.28
179.5427648071448,0.536,0.264
179.54303052186967,0.536,0.272
179.54329623659453,0.52,0.28
179.5435619513194,0.52,0.272
179.54382766604422,0.536,0.28
179.54409338076908,0.52,0.28
179.54435909549395,0.536,0.264
179.5446248102188,0.52,0.264
179.54489052494367,0.544,0.28
179.54515623966853,0.512,0.28
179.5454219543934,0.528,0.264
179.54568766911825,0.528,0.272
179.5459533838431,0.52,0.296
179.54621909856797,0.52,0.28800000000000003
179.54648481329284,0.536,0.272
179.54675052801767,0.536,0.272
179.54701624274253,0.52,0.28800000000000003
179.5472819574674,0.52,0.28800000000000003
179.54754767219225,0.536,0.296
179.5478133869171,0.528,0.296
179.54807910164197,0.52,0.272
179.54834481636684,0.536,0.272
179.5486105310917,0.52,0.28
179.54887624581656,0.528,0.28
179.54914196054142,0.512,0.264
179.54940767526625,0.52,0.272
179.5496733899911,0.536,0.28800000000000003
179.54993910471597,0.536,0.272
179.55020481944084,0.52,0.296
179.5504705341657,0.528,0.304
179.55073624889056,0.52,0.28800000000000003
179.55100196361542,0.52,0.296
179.55126767834028,0.528,0.272
179.55153339306514,0.528,0.28
179.55179910779,0.512,0.272
179.55206482251486,0.52,0.264
179.5523305372397,0.536,0.28
179.55259625196456,0.52,0.28
179.55286196668942,0.528,0.272
179.55312768141428,0.52,0.28
179.55339339613914,0.528,0.264
179.553659110864,0.52,0.28
179.55392482558887,0.536,0.264
179.55419054031373,0.52,0.272
179.5544562550386,0.536,0.28
179.55472196976345,0.52,0.272
179.5549876844883,0.528,0.28
179.55525339921314,0.52,0.28
179.555519113938,0.536,0.272
179.55578482866287,0.536,0.272
179.55605054338773,0.52,0.296
179.5563162581126,0.52,0.296
179.55658197283745,0.536,0.272
179.5568476875623,0.52,0.272
179.55711340228717,0.536,0.28
179.55737911701203,0.52,0.272
179.5576448317369,0.528,0.28
179.55791054646173,0.52,0.272
179.5581762611866,0.536,0.28
179.55844197591145,0.536,0.272
179.5587076906363,0.52,0.28
179.55897340536117,0.528,0.272
179.55923912008603,0.512,0.28
179.5595048348109,0.52,0.28
179.55977054953576,0.536,0.272
179.56003626426062,0.52,0.28
179.56030197898548,0.536,0.272
179.56056769371034,0.52,0.28
179.56083340843517,0.536,0.272
179.56109912316003,0.52,0.28
179.5613648378849,0.536,0.272
179.56163055260976,0.52,0.272
179.56189626733462,0.536,0.28
179.56216198205948,0.52,0.28
179.56242769678434,0.536,0.272
179.5626934115092,0.536,0.28
179.56295912623406,0.52,0.272
179.56322484095892,0.536,0.28
179.56349055568379,0.52,0.272
179.56375627040862,0.512,0.28
179.56402198513348,0.528,0.264
179.56428769985834,0.52,0.272
179.5645534145832,0.528,0.296
179.56481912930806,0.52,0.28
179.56508484403292,0.536,0.304
179.56535055875779,0.52,0.296
179.56561627348265,0.536,0.28
179.5658819882075,0.52,0.28800000000000003
179.56614770293237,0.536,0.272
179.56641341765723,0.536,0.264
179.56667913238206,0.52,0.28
179.56694484710692,0.52,0.28
179.56721056183179,0.528,0.272
179.56747627655665,0.528,0.28
179.5677419912815,0.52,0.264
179.56800770600637,0.528,0.28
179.56827342073123,0.52,0.264
179.5685391354561,0.52,0.272
179.56880485018095,0.536,0.28
179.56907056490581,0.52,0.28
179.56933627963065,0.528,0.272
179.5696019943555,0.52,0.28
179.56986770908037,0.536,0.272
179.57013342380523,0.52,0.264
179.5703991385301,0.536,0.296
179.57066485325495,0.528,0.296
179.57093056797981,0.52,0.272
179.57119628270468,0.52,0.28
179.57146199742954,0.536,0.272
179.5717277121544,0.52,0.272
179.57199342687926,0.536,0.296
179.5722591416041,0.52,0.28800000000000003
179.57252485632895,0.528,0.272
179.57279057105382,0.512,0.264
179.57305628577868,0.536,0.28800000000000003
179.57332200050354,0.536,0.28
179.5735877152284,0.512,0.296
179.57385342995326,0.52,0.28
179.57411914467812,0.536,0.272
179.57438485940298,0.52,0.28
179.57465057412784,0.536,0.272
179.5749162888527,0.52,0.272
179.57518200357754,0.536,0.28
179.5754477183024,0.52,0.272
179.57571343302726,0.536,0.28800000000000003
179.57597914775212,0.536,0.296
179.57624486247698,0.52,0.272
179.57651057720184,0.544,0.28
179.5767762919267,0.52,0.272
179.57704200665157,0.52,0.28
179.57730772137643,0.536,0.264
179.5775734361013,0.52,0.28
179.57783915082612,0.536,0.272
179.57810486555098,0.52,0.28
179.57837058027584,0.544,0.264
179.5786362950007,0.52,0.28
179.57890200972557,0.536,0.28
179.57916772445043,0.536,0.28
179.5794334391753,0.52,0.264
179.57969915390015,0.528,0.28
179.579964868625,0.52,0.264
179.58023058334987,0.528,0.28
179.58049629807473,0.52,0.272
179.58076201279957,0.52,0.272
179.58102772752443,0.536,0.28800000000000003
179.5812934422493,0.528,0.28
179.58155915697415,0.52,0.296
179.581824871699,0.52,0.28
179.58209058642387,0.528,0.264
179.58235630114874,0.528,0.272
179.5826220158736,0.512,0.296
179.58288773059846,0.52,0.296
179.58315344532332,0.536,0.272
179.58341916004818,0.52,0.272
179.583684874773,0.544,0.28
179.58395058949787,0.52,0.28
179.58421630422274,0.512,0.264
179.5844820189476,0.512,0.272
179.58474773367246,0.536,0.28800000000000003
179.58501344839732,0.528,0.272
179.58527916312218,0.52,0.28800000000000003
179.58554487784704,0.52,0.28
179.5858105925719,0.536,0.296
179.58607630729676,0.536,0.28800000000000003
179.58634202202163,0.52,0.272
179.58660773674646,0.528,0.28
179.58687345147132,0.512,0.264
179.58713916619618,0.52,0.272
179.58740488092104,0.536,0.28800000000000003
179.5876705956459,0.52,0.28800000000000003
179.58793631037076,0.528,0.304
179.58820202509563,0.528,0.296
179.5884677398205,0.512,0.272
179.58873345454535,0.52,0.28
179.5889991692702,0.536,0.264
179.58926488399504,0.52,0.272
179.5895305987199,0.536,0.28
179.58979631344477,0.536,0.272
179.59006202816963,0.512,0.296
179.5903277428945,0.52,0.28800000000000003
179.59059345761935,0.536,0.272
179.5908591723442,0.52,0.28
179.59112488706907,0.528,0.264
179.59139060179393,0.52,0.28
179.5916563165188,0.536,0.264
179.59192203124366,0.52,0.264
179.5921877459685,0.536,0.28
179.59245346069335,0.52,0.28
179.5927191754182,0.536,0.264
179.59298489014307,0.536,0.272
179.59325060486793,0.512,0.264
179.5935163195928,0.528,0.272
179.59378203431766,0.512,0.24
179.59404774904252,0.512,0.24
179.59431346376738,0.536,0.128
179.59457917849224,0.52,0.128
179.5948448932171,0.536,0.04
179.59511060794193,0.52,0.032
179.5953763226668,0.536,0.008
179.59564203739166,0.536,0.008
179.59590775211652,0.512,-0.008
179.59617346684138,0.52,0.0
179.59643918156624,0.528,-0.008
179.5967048962911,0.536,0.0
179.59697061101596,0.52,-0.016
179.59723632574082,0.52,-0.016
179.59750204046568,0.528,0.0
179.59776775519052,0.52,-0.016
179.59803346991538,0.536,0.0
179.59829918464024,0.52,-0.016
179.5985648993651,0.536,0.0
179.59883061408996,0.52,0.0
179.59909632881482,0.536,-0.016
179.59936204353968,0.544,0.0
179.59962775826455,0.52,-0.016
179.5998934729894,0.512,-0.016
179.60015918771427,0.536,0.0
179.60042490243913,0.52,-0.016
179.60069061716396,0.536,0.0
179.60095633188882,0.52,-0.016
179.60122204661369,0.536,0.0
179.60148776133855,0.52,0.0
179.6017534760634,0.536,-0.016
179.60201919078827,0.544,-0.016
179.60228490551313,0.52,0.0
179.602550620238,0.52,-0.016
179.60281633496285,0.536,0.0
179.6030820496877,0.536,0.0
179.60334776441258,0.512,-0.016
179.6036134791374,0.52,-0.016
179.60387919386227,0.536,-0.008
179.60414490858713,0.536,-0.016
179.604410623312,0.52,0.0
179.60467633803685,0.536,-0.008
179.60494205276171,0.512,-0.016
179.60520776748658,0.512,-0.016
179.60547348221144,0.536,0.0
179.6057391969363,0.536,-0.016
179.60600491166116,0.52,0.0
179.60627062638602,0.544,-0.016
179.60653634111085,0.52,0.0
179.60680205583571,0.52,-0.016
179.60706777056058,0.528,0.0
179.60733348528544,0.52,-0.016
179.6075992000103,0.528,0.0
179.60786491473516,0.52,-0.016
179.60813062946002,0.528,0.0
179.60839634418488,0.536,-0.016
179.60866205890974,0.512,0.0
179.6089277736346,0.52,-0.016
179.60919348835944,0.528,0.0
179.6094592030843,0.528,-0.008
179.60972491780916,0.52,-0.016
179.60999063253402,0.536,-0.016
179.61025634725888,0.512,-0.008
179.61052206198374,0.52,-0.016
179.6107877767086,0.536,0.0
179.61105349143347,0.52,-0.016
179.61131920615833,0.536,0.0
179.6115849208832,0.52,-0.016
179.61185063560805,0.536,0.0
179.61211635033288,0.52,-0.008
179.61238206505774,0.528,-0.016
179.6126477797826,0.528,-0.008
179.61291349450747,0.52,-0.016
179.61317920923233,0.52,-0.008
179.6134449239572,0.536,-0.016
179.61371063868205,0.512,-0.016
179.6139763534069,0.528,0.0
179.61424206813177,0.52,-0.016
179.61450778285663,0.536,0.0
179.6147734975815,0.528,-0.008
179.61503921230633,0.512,-0.016
179.6153049270312,0.528,-0.016
179.61557064175605,0.52,-0.008
179.6158363564809,0.52,-0.008
179.61610207120577,0.536,-0.016
179.61636778593063,0.52,-0.008
179.6166335006555,0.536,-0.016
179.61689921538036,0.536,-0.016
179.61716493010522,0.52,-0.008
179.61743064483008,0.52,-0.016
179.6176963595549,0.536,0.0
179.61796207427977,0.536,-0.016
179.61822778900464,0.52,-0.008
179.6184935037295,0.52,-0.016
179.61875921845436,0.536,0.0
179.61902493317922,0.52,-0.016
179.61929064790408,0.536,-0.008
179.61955636262894,0.536,-0.008
179.6198220773538,0.52,-0.016
179.62008779207866,0.536,-0.008
179.62035350680353,0.52,-0.016
179.62061922152836,0.52,-0.016
179.62088493625322,0.536,-0.008
179.62115065097808,0.52,-0.016
179.62141636570294,0.536,-0.008
179.6216820804278,0.536,-0.008
179.62194779515266,0.512,-0.016
179.62221350987753,0.52,-0.016
179.6224792246024,0.544,-0.008
179.62274493932725,0.528,-0.008
179.6230106540521,0.544,-0.016
179.62327636877697,0.528,-0.016
179.6235420835018,0.52,0.0
179.62380779822666,0.52,-0.008
179.62407351295153,0.536,-0.016
179.6243392276764,0.536,-0.016
179.62460494240125,0.52,-0.008
179.6248706571261,0.52,-0.016
179.62513637185097,0.536,-0.008
179.62540208657583,0.52,-0.016
179.6256678013007,0.536,-0.008
179.62593351602555,0.52,-0.016
179.62619923075042,0.536,0.0
179.62646494547525,0.52,-0.008
179.6267306602001,0.536,-0.016
179.62699637492497,0.528,-0.016
179.62726208964983,0.52,-0.008
179.6275278043747,0.52,-0.016
179.62779351909955,0.536,0.0
179.62805923382442,0.52,-0.016
179.62832494854928,0.536,-0.008
179.62859066327414,0.536,-0.016
179.628856377999,0.52,-0.008
179.62912209272383,0.52,-0.008
179.6293878074487,0.528,-0.016
179.62965352217356,0.536,-0.008
179.62991923689842,0.512,-0.016
179.63018495162328,0.512,-0.016
179.63045066634814,0.536,-0.008
179.630716381073,0.52,-0.008
179.63098209579786,0.536,-0.016
179.63124781052272,0.536,-0.016
179.63151352524758,0.52,0.0
179.63177923997245,0.52,-0.016
179.63204495469728,0.536,-0.008
179.63231066942214,0.52,-0.008
179.632576384147,0.552,-0.016
179.63284209887186,0.536,-0.016
179.63310781359672,0.52,-0.008
179.63337352832158,0.52,-0.016
179.63363924304645,0.536,-0.008
179.6339049577713,0.528,-0.016
179.63417067249617,0.52,0.0
179.63443638722103,0.52,-0.016
179.6347021019459,0.528,0.0
179.63496781667072,0.528,-0.016
179.63523353139558,0.52,-0.008
179.63549924612045,0.52,-0.016
179.6357649608453,0.536,-0.008
179.63603067557017,0.52,-0.016
179.63629639029503,0.528,-0.008
179.6365621050199,0.528,-0.008
179.63682781974475,0.512,-0.016
179.6370935344696,0.52,-0.016
179.63735924919447,0.536,-0.008
179.6376249639193,0.52,-0.016
179.63789067864417,0.536,-0.008
179.63815639336903,0.52,-0.016
179.6384221080939,0.536,-0.008
179.63868782281875,0.52,-0.016
179.6389535375436,0.536,-0.008
179.63921925226848,0.528,-0.016
179.63948496699334,0.52,-0.008
179.6397506817182,0.52,-0.016
179.64001639644306,0.536,-0.008
179.64028211116792,0.536,-0.016
179.64054782589275,0.52,0.0
179.64081354061761,0.536,-0.016
179.64107925534248,0.52,0.0
179.64134497006734,0.528,-0.008
179.6416106847922,0.52,-0.016
179.64187639951706,0.528,-0.016
179.64214211424192,0.52,-0.008
179.64240782896678,0.528,-0.008
179.64267354369164,0.52,-0.016
179.6429392584165,0.52,-0.016
179.64320497314137,0.536,-0.008
179.6434706878662,0.536,-0.016
179.64373640259106,0.52,0.0
179.64400211731592,0.536,-0.008
179.64426783204078,0.52,-0.016
179.64453354676564,0.52,-0.008
179.6447992614905,0.528,-0.016
179.64506497621537,0.52,-0.016
179.64533069094023,0.528,0.0
179.6455964056651,0.52,-0.016
179.64586212038995,0.536,0.0
179.6461278351148,0.52,-0.008
179.64639354983964,0.536,-0.016
179.6466592645645,0.52,-0.008
179.64692497928937,0.536,-0.016
179.64719069401423,0.52,-0.016
179.6474564087391,0.544,-0.008
179.64772212346395,0.52,-0.016
179.6479878381888,0.536,-0.008
179.64825355291367,0.52,-0.016
179.64851926763853,0.536,-0.008
179.6487849823634,0.52,-0.008
179.64905069708823,0.528,-0.016
179.6493164118131,0.536,-0.008
179.64958212653795,0.52,-0.016
179.6498478412628,0.52,-0.016
179.65011355598767,0.536,-0.008
179.65037927071253,0.52,-0.016
179.6506449854374,0.528,-0.008
179.65091070016226,0.536,-0.016
179.65117641488712,0.52,0.0
179.65144212961198,0.52,-0.016
179.65170784433684,0.528,0.0
179.65197355906167,0.52,-0.016
179.65223927378653,0.536,0.0
179.6525049885114,0.536,-0.016
179.65277070323626,0.512,0.0
179.65303641796112,0.52,-0.008
179.65330213268598,0.536,-0.016
179.65356784741084,0.52,-0.008
179.6538335621357,0.536,-0.016
179.65409927686056,0.528,-0.016
179.65436499158542,0.52,-0.008
179.6546307063103,0.528,-0.016
179.65489642103512,0.504,-0.008
179.65516213575998,0.512,-0.008
179.65542785048484,0.528,-0.016
179.6556935652097,0.52,-0.008
179.65595927993456,0.536,-0.016
179.65622499465942,0.528,-0.016
179.6564907093843,0.52,-0.008
179.65675642410915,0.52,-0.016
179.657022138834,0.536,-0.008
179.65728785355887,0.52,-0.016
179.6575535682837,0.536,0.0
179.65781928300856,0.52,-0.008
179.65808499773343,0.536,-0.016
179.6583507124583,0.52,-0.008
179.65861642718315,0.536,-0.016
179.658882141908,0.52,-0.008
179.65914785663287,0.536,-0.016
179.65941357135773,0.52,-0.016
179.6596792860826,0.536,0.0
179.65994500080745,0.528,-0.016
179.66021071553232,0.512,0.008
179.66047643025715,0.52,0.008
179.660742144982,0.536,0.07200000000000001
179.66100785970687,0.528,0.07200000000000001
179.66127357443173,0.52,0.184
179.6615392891566,0.528,0.184
179.66180500388145,0.512,0.256
179.66207071860632,0.512,0.248
179.66233643333118,0.528,0.272
179.66260214805604,0.52,0.272
179.6628678627809,0.536,0.264
179.66313357750576,0.544,0.264
179.6633992922306,0.512,0.28
179.66366500695545,0.52,0.28
179.66393072168032,0.536,0.272
179.66419643640518,0.536,0.272
179.66446215113004,0.52,0.296
179.6647278658549,0.536,0.272
179.66499358057976,0.512,0.28800000000000003
179.66525929530462,0.52,0.28800000000000003
179.66552501002948,0.528,0.272
179.66579072475434,0.52,0.272
179.6660564394792,0.544,0.28800000000000003
179.66632215420404,0.528,0.272
179.6665878689289,0.52,0.28
179.66685358365376,0.528,0.28
179.66711929837862,0.52,0.272
179.66738501310348,0.536,0.28
179.66765072782835,0.52,0.272
179.6679164425532,0.536,0.28
179.66818215727807,0.52,0.272
179.66844787200293,0.528,0.272
179.6687135867278,0.52,0.296
179.66897930145262,0.52,0.296
179.66924501617748,0.536,0.272
179.66951073090235,0.52,0.28
179.6697764456272,0.528,0.272
179.67004216035207,0.512,0.28
179.67030787507693,0.536,0.272
179.6705735898018,0.52,0.272
179.67083930452665,0.536,0.28
179.6711050192515,0.52,0.272
179.67137073397637,0.536,0.296
179.67163644870124,0.52,0.296
179.67190216342607,0.536,0.272
179.67216787815093,0.536,0.272
179.6724335928758,0.512,0.296
179.67269930760065,0.52,0.296
179.6729650223255,0.536,0.272
179.67323073705037,0.528,0.28800000000000003
179.67349645177524,0.512,0.272
179.6737621665001,0.52,0.272
179.67402788122496,0.536,0.28800000000000003
179.67429359594982,0.52,0.296
179.67455931067468,0.536,0.272
179.6748250253995,0.52,0.28
179.67509074012438,0.528,0.272
179.67535645484924,0.52,0.28
179.6756221695741,0.536,0.264
179.67588788429896,0.52,0.272
179.67615359902382,0.536,0.28
179.67641931374868,0.52,0.272
179.67668502847354,0.536,0.296
179.6769507431984,0.512,0.296
179.67721645792327,0.536,0.272
179.6774821726481,0.52,0.272
179.67774788737296,0.528,0.296
179.67801360209782,0.52,0.272
179.67827931682268,0.536,0.28800000000000003
179.67854503154754,0.52,0.28
179.6788107462724,0.536,0.296
179.67907646099727,0.52,0.272
179.67934217572213,0.536,0.28800000000000003
179.679607890447,0.536,0.28
179.67987360517185,0.52,0.272
179.6801393198967,0.52,0.28
179.68040503462154,0.536,0.272
179.6806707493464,0.52,0.272
179.68093646407127,0.536,0.296
179.68120217879613,0.52,0.28800000000000003
179.681467893521,0.536,0.272
179.68173360824585,0.52,0.272
179.6819993229707,0.536,0.28800000000000003
179.68226503769557,0.52,0.272
179.68253075242043,0.536,0.28
179.6827964671453,0.512,0.28
179.68306218187016,0.536,0.264
179.683327896595,0.52,0.272
179.68359361131985,0.536,0.296
179.6838593260447,0.528,0.296
179.68412504076957,0.52,0.272
179.68439075549443,0.52,0.272
179.6846564702193,0.536,0.296
179.68492218494416,0.536,0.296
179.68518789966902,0.512,0.28800000000000003
179.68545361439388,0.52,0.296
179.68571932911874,0.528,0.28
179.6859850438436,0.52,0.28
179.68625075856843,0.536,0.264
179.6865164732933,0.52,0.272
179.68678218801816,0.536,0.28800000000000003
179.68704790274302,0.52,0.28
179.68731361746788,0.536,0.264
179.68757933219274,0.52,0.272
179.6878450469176,0.536,0.28
179.68811076164246,0.52,0.272
179.68837647636732,0.536,0.28
179.68864219109219,0.536,0.272
179.68890790581702,0.52,0.296
179.68917362054188,0.528,0.28800000000000003
179.68943933526674,0.512,0.272
179.6897050499916,0.52,0.272
179.68997076471646,0.536,0.28800000000000003
179.69023647944132,0.528,0.272
179.69050219416619,0.52,0.28
179.69076790889105,0.52,0.272
179.6910336236159,0.528,0.28
179.69129933834077,0.528,0.28
179.69156505306563,0.52,0.272
179.69183076779046,0.52,0.28
179.69209648251532,0.536,0.272
179.6923621972402,0.528,0.28
179.69262791196505,0.52,0.272
179.6928936266899,0.528,0.28
179.69315934141477,0.512,0.272
179.69342505613963,0.52,0.28
179.6936907708645,0.536,0.272
179.69395648558935,0.52,0.28
179.69422220031421,0.536,0.272
179.69448791503908,0.528,0.28
179.6947536297639,0.52,0.272
179.69501934448877,0.52,0.272
179.69528505921363,0.544,0.28
179.6955507739385,0.528,0.28
179.69581648866335,0.52,0.272
179.69608220338822,0.52,0.272
179.69634791811308,0.536,0.28800000000000003
179.69661363283794,0.52,0.28800000000000003
179.6968793475628,0.536,0.272
179.69714506228766,0.536,0.28
179.6974107770125,0.512,0.296
179.69767649173735,0.52,0.28
179.69794220646222,0.536,0.264
179.69820792118708,0.52,0.272
179.69847363591194,0.536,0.296
179.6987393506368,0.528,0.296
179.69900506536166,0.512,0.272
179.69927078008652,0.52,0.28
179.69953649481138,0.536,0.264
179.69980220953624,0.52,0.28
179.7000679242611,0.536,0.272
179.70033363898594,0.52,0.28
179.7005993537108,0.544,0.264
179.70086506843566,0.536,0.264
179.70113078316052,0.52,0.28800000000000003
179.70139649788538,0.52,0.28800000000000003
179.70166221261024,0.536,0.272
179.7019279273351,0.52,0.272
179.70219364205997,0.536,0.28800000000000003
179.70245935678483,0.52,0.28
179.7027250715097,0.536,0.264
179.70299078623455,0.52,0.28
179.70325650095938,0.536,0.272
179.70352221568425,0.52,0.28
179.7037879304091,0.536,0.272
179.70405364513397,0.528,0.28
179.70431935985883,0.52,0.272
179.7045850745837,0.52,0.28
179.70485078930855,0.536,0.272
179.7051165040334,0.528,0.28
179.70538221875827,0.52,0.272
179.70564793348314,0.536,0.272
179.705913648208,0.512,0.28
179.70617936293283,0.52,0.272
179.7064450776577,0.536,0.296
179.70671079238255,0.52,0.296
179.7069765071074,0.528,0.28
179.70724222183227,0.528,0.272
179.70750793655714,0.52,0.28800000000000003
179.707773651282,0.528,0.28800000000000003
179.70803936600686,0.512,0.272
179.70830508073172,0.52,0.272
179.70857079545658,0.536,0.28800000000000003
179.7088365101814,0.536,0.28
179.70910222490627,0.52,0.272
179.70936793963114,0.52,0.28
179.709633654356,0.536,0.272
179.70989936908086,0.52,0.28
179.71016508380572,0.536,0.272
179.71043079853058,0.536,0.28
179.71069651325544,0.52,0.272
179.7109622279803,0.536,0.28
179.71122794270516,0.512,0.264
179.71149365743003,0.52,0.28
179.71175937215486,0.528,0.264
179.71202508687972,0.52,0.272
179.71229080160458,0.536,0.28
179.71255651632944,0.536,0.28
179.7128222310543,0.52,0.296
179.71308794577917,0.52,0.304
179.71335366050403,0.536,0.272
179.7136193752289,0.528,0.28
179.71388508995375,0.536,0.264
179.7141508046786,0.528,0.28
179.71441651940347,0.544,0.272
179.7146822341283,0.528,0.28
179.71494794885317,0.544,0.264
179.71521366357803,0.528,0.272
179.7154793783029,0.536,0.28
179.71574509302775,0.536,0.28
179.7160108077526,0.528,0.264
179.71627652247747,0.544,0.264
179.71654223720233,0.52,0.28800000000000003
179.7168079519272,0.52,0.28800000000000003
179.71707366665206,0.536,0.296
179.7173393813769,0.52,0.304
179.71760509610175,0.536,0.272
179.7178708108266,0.528,0.28
179.71813652555147,0.536,0.272
179.71840224027633,0.528,0.28
179.7186679550012,0.536,0.272
179.71893366972606,0.528,0.272
179.71919938445092,0.536,0.296
179.71946509917578,0.536,0.28800000000000003
179.71973081390064,0.52,0.296
179.7199965286255,0.528,0.296
179.72026224335033,0.536,0.272
179.7205279580752,0.528,0.28
179.72079367280006,0.544,0.272
179.72105938752492,0.536,0.272
179.72132510224978,0.528,0.28800000000000003
179.72159081697464,0.544,0.28800000000000003
179.7218565316995,0.52,0.296
179.72212224642436,0.528,0.272
179.72238796114922,0.536,0.28800000000000003
179.72265367587408,0.544,0.28
179.72291939059895,0.528,0.272
179.72318510532378,0.528,0.28
179.72345082004864,0.536,0.272
179.7237165347735,0.528,0.272
179.72398224949836,0.544,0.28800000000000003
179.72424796422322,0.528,0.272
179.72451367894809,0.544,0.28800000000000003
179.72477939367295,0.528,0.296
179.7250451083978,0.536,0.28
179.72531082312267,0.528,0.272
179.72557653784753,0.536,0.28800000000000003
179.7258422525724,0.536,0.272
179.72610796729722,0.52,0.28800000000000003
179.72637368202209,0.528,0.28800000000000003
179.72663939674695,0.544,0.24
179.7269051114718,0.544,0.24
179.72717082619667,0.52,0.128
179.72743654092153,0.528,0.12
179.7277022556464,0.512,0.04
179.72796797037125,0.528,0.032
179.72823368509611,0.512,0.008
179.72849939982098,0.536,0.008
179.7287651145458,0.52,-0.008
179.72903082927067,0.52,0.0
179.72929654399553,0.544,-0.016
179.7295622587204,0.52,0.0
179.72982797344525,0.544,-0.016
179.73009368817011,0.52,0.0
179.73035940289498,0.536,-0.016
179.73062511761984,0.52,-0.016
179.7308908323447,0.544,0.0
179.73115654706956,0.528,-0.016
179.73142226179442,0.536,0.0
179.73168797651925,0.52,-0.016
179.73195369124412,0.536,0.0
179.73221940596898,0.52,-0.016
179.73248512069384,0.536,0.0
179.7327508354187,0.52,-0.016
179.73301655014356,0.536,-0.008
179.73328226486842,0.52,0.0
179.73354797959328,0.536,-0.016
179.73381369431814,0.52,0.0
179.734079409043,0.536,-0.016
179.73434512376787,0.536,-0.016
179.7346108384927,0.52,0.0
179.73487655321756,0.52,0.0
179.73514226794242,0.528,-0.016
179.73540798266728,0.52,-0.016
179.73567369739214,0.528,0.0
179.735939412117,0.52,-0.016
179.73620512684187,0.536,0.0
179.73647084156673,0.52,-0.016
179.7367365562916,0.536,0.0
179.73700227101645,0.512,-0.016
179.73726798574128,0.536,0.0
179.73753370046614,0.544,-0.016
179.737799415191,0.512,0.0
179.73806512991587,0.52,-0.016
179.73833084464073,0.536,-0.008
179.7385965593656,0.528,-0.016
179.73886227409045,0.52,0.0
179.7391279888153,0.52,-0.016
179.73939370354017,0.536,0.0
179.73965941826503,0.52,-0.016
179.7399251329899,0.536,-0.008
179.74019084771473,0.512,-0.016
179.7404565624396,0.528,0.0
179.74072227716445,0.52,-0.016
179.7409879918893,0.536,0.0
179.74125370661417,0.52,-0.016
179.74151942133904,0.544,0.0
179.7417851360639,0.536,-0.008
179.74205085078876,0.512,-0.016
179.74231656551362,0.52,0.0
179.74258228023848,0.536,-0.016
179.74284799496334,0.536,-0.016
179.74311370968817,0.52,0.0
179.74337942441304,0.52,-0.008
179.7436451391379,0.536,-0.016
179.74391085386276,0.536,-0.016
179.74417656858762,0.52,0.0
179.74444228331248,0.52,-0.016
179.74470799803734,0.536,-0.008
179.7449737127622,0.52,-0.016
179.74523942748706,0.528,-0.008
179.74550514221193,0.52,-0.016
179.7457708569368,0.528,0.0
179.74603657166162,0.52,-0.008
179.74630228638648,0.536,-0.016
179.74656800111134,0.528,-0.008
179.7468337158362,0.512,-0.016
179.74709943056106,0.512,-0.016
179.74736514528593,0.528,-0.008
179.7476308600108,0.52,-0.008
179.74789657473565,0.536,-0.016
179.7481622894605,0.536,-0.008
179.74842800418537,0.52,-0.016
179.7486937189102,0.536,-0.016
179.74895943363506,0.52,0.0
179.74922514835993,0.528,-0.008
179.7494908630848,0.512,-0.016
179.74975657780965,0.528,-0.016
179.7500222925345,0.512,0.0
179.75028800725937,0.52,-0.016
179.75055372198423,0.528,0.0
179.7508194367091,0.536,-0.008
179.75108515143395,0.52,-0.016
179.75135086615882,0.52,-0.016
179.75161658088365,0.536,0.0
179.7518822956085,0.52,-0.008
179.75214801033337,0.536,-0.016
179.75241372505823,0.52,-0.016
179.7526794397831,0.536,0.0
179.75294515450796,0.528,-0.016
179.75321086923282,0.52,-0.008
179.75347658395768,0.528,-0.016
179.75374229868254,0.52,-0.008
179.7540080134074,0.52,-0.008
179.75427372813226,0.536,-0.016
179.7545394428571,0.536,-0.016
179.75480515758196,0.52,-0.008
179.75507087230682,0.52,-0.016
179.75533658703168,0.528,0.0
179.75560230175654,0.52,-0.016
179.7558680164814,0.536,-0.008
179.75613373120626,0.52,-0.016
179.75639944593112,0.536,0.0
179.75666516065598,0.536,-0.016
179.75693087538085,0.512,0.0
179.75719659010568,0.52,-0.008
179.75746230483054,0.528,-0.016
179.7577280195554,0.52,-0.008
179.75799373428026,0.536,-0.016
179.75825944900512,0.536,-0.016
179.75852516372998,0.52,-0.008
179.75879087845485,0.52,-0.008
179.7590565931797,0.536,-0.016
179.75932230790457,0.52,-0.008
179.75958802262943,0.536,-0.016
179.7598537373543,0.52,-0.016
179.76011945207912,0.528,0.0
179.76038516680399,0.536,0.0
179.76065088152885,0.52,-0.016
179.7609165962537,0.536,-0.016
179.76118231097857,0.52,0.0
179.76144802570343,0.52,-0.008
179.7617137404283,0.536,-0.016
179.76197945515315,0.528,-0.008
179.762245169878,0.52,-0.016
179.76251088460288,0.52,-0.008
179.76277659932774,0.536,-0.016
179.76304231405257,0.52,-0.016
179.76330802877743,0.536,-0.008
179.7635737435023,0.528,-0.008
179.76383945822715,0.512,-0.016
179.76410517295201,0.528,-0.008
179.76437088767688,0.512,-0.016
179.76463660240174,0.528,-0.008
179.7649023171266,0.512,-0.016
179.76516803185146,0.52,-0.008
179.76543374657632,0.536,-0.016
179.76569946130118,0.536,-0.016
179.76596517602601,0.52,-0.008
179.76623089075088,0.52,-0.016
179.76649660547574,0.536,0.0
179.7667623202006,0.52,-0.016
179.76702803492546,0.536,-0.008
179.76729374965032,0.52,-0.008
179.76755946437518,0.528,-0.016
179.76782517910004,0.536,-0.008
179.7680908938249,0.52,-0.016
179.76835660854977,0.528,-0.008
179.7686223232746,0.52,-0.016
179.76888803799946,0.536,-0.016
179.76915375272432,0.52,-0.008
179.76941946744918,0.512,0.0
179.76968518217404,0.536,-0.016
179.7699508968989,0.52,-0.016
179.77021661162377,0.536,-0.008
179.77048232634863,0.536,0.0
179.7707480410735,0.52,-0.016
179.77101375579835,0.52,-0.008
179.7712794705232,0.536,-0.016
179.77154518524804,0.528,-0.016
179.7718108999729,0.512,-0.008
179.77207661469777,0.52,-0.008
179.77234232942263,0.528,-0.016
179.7726080441475,0.52,-0.016
179.77287375887235,0.528,0.0
179.7731394735972,0.52,-0.008
179.77340518832207,0.536,-0.016
179.77367090304693,0.52,-0.016
179.7739366177718,0.536,-0.008
179.77420233249666,0.528,-0.016
179.7744680472215,0.52,-0.008
179.77473376194635,0.528,-0.008
179.7749994766712,0.52,-0.016
179.77526519139607,0.52,-0.008
179.77553090612093,0.536,-0.016
179.7757966208458,0.544,-0.008
179.77606233557066,0.512,-0.016
179.77632805029552,0.52,-0.008
179.77659376502038,0.528,-0.016
179.77685947974524,0.52,-0.016
179.77712519447007,0.536,0.0
179.77739090919493,0.528,-0.016
179.7776566239198,0.52,0.0
179.77792233864466,0.52,-0.016
179.77818805336952,0.536,-0.008
179.77845376809438,0.536,-0.008
179.77871948281924,0.512,-0.016
179.7789851975441,0.528,-0.016
179.77925091226896,0.512,-0.008
179.77951662699382,0.52,-0.008
179.7797823417187,0.536,-0.016
179.78004805644352,0.528,-0.008
179.78031377116838,0.512,-0.016
179.78057948589324,0.528,-0.016
179.7808452006181,0.52,0.0
179.78111091534296,0.52,-0.016
179.78137663006783,0.536,0.0
179.7816423447927,0.536,-0.008
179.78190805951755,0.512,-0.016
179.7821737742424,0.52,-0.016
179.78243948896727,0.528,0.0
179.78270520369213,0.52,-0.008
179.78297091841696,0.536,-0.016
179.78323663314183,0.52,-0.008
179.7835023478667,0.536,-0.016
179.78376806259155,0.52,-0.016
179.7840337773164,0.536,-0.008
179.78429949204127,0.52,-0.008
179.78456520676613,0.536,-0.016
179.784830921491,0.52,-0.008
179.78509663621585,0.528,-0.016
179.78536235094072,0.536,-0.016
179.78562806566558,0.512,-0.008
179.7858937803904,0.52,-0.008
179.78615949511527,0.536,-0.016
179.78642520984013,0.536,-0.016
179.786690924565,0.52,-0.008
179.78695663928985,0.52,-0.016
179.78722235401472,0.536,-0.008
179.78748806873958,0.52,-0.008
179.78775378346444,0.536,-0.016
179.7880194981893,0.536,-0.016
179.78828521291416,0.52,0.0
179.788550927639,0.528,-0.016
179.78881664236386,0.512,-0.008
179.78908235708872,0.528,-0.016
179.78934807181358,0.512,0.0
179.78961378653844,0.52,-0.016
179.7898795012633,0.536,0.0
179.79014521598816,0.536,-0.008
179.79041093071302,0.52,-0.016
179.79067664543788,0.512,-0.008
179.79094236016275,0.536,-0.016
179.7912080748876,0.52,-0.016
179.79147378961244,0.528,0.0
179.7917395043373,0.52,-0.016
179.79200521906216,0.528,0.0
179.79227093378702,0.52,0.0
179.79253664851188,0.536,-0.016
179.79280236323675,0.52,-0.016
179.7930680779616,0.536,0.008
179.79333379268647,0.536,0.0
179.79359950741133,0.52,0.07200000000000001
179.7938652221362,0.52,0.08
179.79413093686105,0.536,0.176
179.79439665158588,0.52,0.184
179.79466236631075,0.536,0.248
179.7949280810356,0.536,0.248
179.79519379576047,0.52,0.264
179.79545951048533,0.52,0.264
179.7957252252102,0.536,0.28
179.79599093993505,0.512,0.28
179.7962566546599,0.536,0.296
179.79652236938477,0.52,0.28800000000000003
179.79678808410964,0.536,0.272
179.79705379883447,0.52,0.28
179.79731951355933,0.536,0.296
179.7975852282842,0.512,0.296
179.79785094300905,0.536,0.272
179.7981166577339,0.536,0.28800000000000003
179.79838237245878,0.52,0.264
179.79864808718364,0.52,0.28
179.7989138019085,0.536,0.264
179.79917951663336,0.536,0.28
179.79944523135822,0.512,0.264
179.79971094608308,0.52,0.28
179.7999766608079,0.536,0.272
179.80024237553278,0.52,0.272
179.80050809025764,0.536,0.296
179.8007738049825,0.528,0.28
179.80103951970736,0.52,0.272
179.80130523443222,0.52,0.28
179.80157094915708,0.536,0.264
179.80183666388194,0.528,0.272
179.8021023786068,0.52,0.28
179.80236809333167,0.52,0.272
179.80263380805653,0.536,0.28800000000000003
179.80289952278136,0.52,0.296
179.80316523750622,0.528,0.272
179.80343095223108,0.528,0.272
179.80369666695594,0.52,0.28800000000000003
179.8039623816808,0.52,0.28
179.80422809640567,0.536,0.264
179.80449381113053,0.52,0.272
179.8047595258554,0.536,0.296
179.80502524058025,0.52,0.28800000000000003
179.8052909553051,0.536,0.272
179.80555667002997,0.52,0.272
179.8058223847548,0.528,0.28800000000000003
179.80608809947967,0.536,0.28
179.80635381420453,0.52,0.296
179.8066195289294,0.528,0.296
179.80688524365425,0.52,0.272
179.8071509583791,0.52,0.28
179.80741667310397,0.536,0.272
179.80768238782883,0.52,0.28
179.8079481025537,0.536,0.272
179.80821381727856,0.52,0.28
179.8084795320034,0.528,0.272
179.80874524672825,0.52,0.28
179.8090109614531,0.536,0.28800000000000003
179.80927667617797,0.528,0.272
179.80954239090283,0.528,0.28800000000000003
179.8098081056277,0.536,0.28
179.81007382035256,0.52,0.272
179.81033953507742,0.512,0.272
179.81060524980228,0.536,0.28
179.81087096452714,0.536,0.272
179.811136679252,0.52,0.296
179.81140239397683,0.528,0.296
179.8116681087017,0.512,0.28
179.81193382342656,0.512,0.28
179.81219953815142,0.528,0.272
179.81246525287628,0.52,0.272
179.81273096760114,0.528,0.296
179.812996682326,0.52,0.296
179.81326239705086,0.536,0.272
179.81352811177572,0.52,0.28800000000000003
179.81379382650059,0.536,0.272
179.81405954122545,0.52,0.272
179.81432525595028,0.536,0.28
179.81459097067514,0.536,0.28
179.8148566854,0.52,0.272
179.81512240012486,0.512,0.272
179.81538811484972,0.536,0.296
179.8156538295746,0.536,0.296
179.81591954429945,0.52,0.272
179.8161852590243,0.52,0.272
179.81645097374917,0.536,0.28800000000000003
179.81671668847403,0.52,0.28
179.81698240319886,0.536,0.304
179.81724811792373,0.52,0.296
179.8175138326486,0.536,0.272
179.81777954737345,0.52,0.28
179.8180452620983,0.528,0.272
179.81831097682317,0.528,0.28
179.81857669154803,0.52,0.272
179.8188424062729,0.52,0.28
179.81910812099775,0.528,0.264
179.81937383572262,0.536,0.272
179.81963955044748,0.52,0.28
179.8199052651723,0.52,0.272
179.82017097989717,0.536,0.296
179.82043669462203,0.52,0.296
179.8207024093469,0.536,0.272
179.82096812407175,0.536,0.28
179.82123383879662,0.52,0.272
179.82149955352148,0.52,0.264
179.82176526824634,0.536,0.296
179.8220309829712,0.536,0.304
179.82229669769606,0.52,0.272
179.82256241242092,0.52,0.272
179.82282812714575,0.536,0.28
179.82309384187062,0.52,0.28
179.82335955659548,0.536,0.272
179.82362527132034,0.52,0.272
179.8238909860452,0.536,0.28800000000000003
179.82415670077006,0.52,0.272
179.82442241549492,0.536,0.28
179.82468813021978,0.536,0.28
179.82495384494464,0.52,0.272
179.8252195596695,0.544,0.296
179.82548527439437,0.52,0.272
179.8257509891192,0.52,0.28
179.82601670384406,0.536,0.264
179.82628241856892,0.52,0.272
179.82654813329378,0.536,0.28
179.82681384801865,0.536,0.28
179.8270795627435,0.504,0.272
179.82734527746837,0.512,0.28
179.82761099219323,0.536,0.296
179.8278767069181,0.52,0.28
179.82814242164295,0.536,0.304
179.82840813636778,0.528,0.304
179.82867385109265,0.512,0.28
179.8289395658175,0.52,0.28800000000000003
179.82920528054237,0.528,0.272
179.82947099526723,0.512,0.272
179.8297367099921,0.536,0.296
179.83000242471695,0.52,0.28800000000000003
179.8302681394418,0.536,0.296
179.83053385416667,0.52,0.28800000000000003
179.83079956889154,0.528,0.272
179.8310652836164,0.52,0.272
179.83133099834123,0.528,0.28800000000000003
179.8315967130661,0.52,0.272
179.83186242779095,0.536,0.28
179.8321281425158,0.536,0.272
179.83239385724067,0.52,0.296
179.83265957196554,0.536,0.28800000000000003
179.8329252866904,0.52,0.272
179.83319100141526,0.52,0.28
179.83345671614012,0.536,0.272
179.83372243086498,0.528,0.272
179.83398814558984,0.52,0.28
179.83425386031467,0.52,0.28
179.83451957503954,0.536,0.272
179.8347852897644,0.52,0.272
179.83505100448926,0.536,0.296
179.83531671921412,0.52,0.296
179.83558243393898,0.528,0.272
179.83584814866384,0.528,0.28
179.8361138633887,0.52,0.264
179.83637957811357,0.52,0.28
179.83664529283843,0.536,0.272
179.83691100756326,0.528,0.28
179.83717672228812,0.512,0.272
179.83744243701298,0.512,0.272
179.83770815173784,0.536,0.28
179.8379738664627,0.536,0.272
179.83823958118757,0.52,0.296
179.83850529591243,0.52,0.28800000000000003
179.8387710106373,0.536,0.304
179.83903672536215,0.52,0.296
179.839302440087,0.536,0.272
179.83956815481187,0.52,0.28
179.8398338695367,0.536,0.264
179.84009958426157,0.52,0.272
179.84036529898643,0.536,0.28800000000000003
179.8406310137113,0.512,0.28
179.84089672843615,0.536,0.296
179.8461892604828,0.52,-0.016
179.84646143297354,0.528,0.0
179.8467336054643,0.52,-0.016
179.84700577795505,0.528,-0.008
179.8472779504458,0.512,-0.008
179.84755012293655,0.536,-0.016
179.84782229542733,0.52,-0.016
179.8480944679181,0.528,-0.008
179.84836664040884,0.52,-0.008
179.8486388128996,0.536,-0.016
179.84891098539035,0.52,-0.008
179.8491831578811,0.536,-0.016
179.84945533037185,0.528,-0.008
179.8497275028626,0.512,-0.016
179.84999967535336,0.52,-0.008
179.8502718478441,0.536,-0.016
179.85054402033487,0.52,-0.016
179.85081619282565,0.536,0.0
179.8510883653164,0.536,-0.008
179.85136053780715,0.52,0.016
179.8516327102979,0.528,0.024
179.85190488278866,0.512,0.096
179.8521770552794,0.52,0.10400000000000001
179.85244922777017,0.536,0.20800000000000002
179.85272140026092,0.528,0.20800000000000002
179.85299357275167,0.512,0.264
179.85326574524242,0.52,0.264
179.8535379177332,0.536,0.28
179.85381009022396,0.52,0.272
179.8540822627147,0.536,0.28800000000000003
179.85435443520547,0.52,0.28800000000000003
179.85462660769622,0.536,0.272
179.85489878018697,0.512,0.272
179.85517095267772,0.536,0.28800000000000003
179.85544312516848,0.52,0.272
179.85571529765923,0.536,0.28800000000000003
179.85598747014998,0.536,0.28
179.85625964264074,0.512,0.296
179.85653181513152,0.512,0.28800000000000003
179.85680398762227,0.528,0.272
179.85707616011302,0.52,0.272
179.85734833260378,0.528,0.296
179.85762050509453,0.52,0.296
179.85789267758528,0.528,0.28
179.85816485007604,0.528,0.28800000000000003
179.8584370225668,0.512,0.28
179.85870919505754,0.52,0.272
179.8589813675483,0.528,0.28800000000000003
179.85925354003905,0.52,0.28800000000000003
179.85952571252983,0.528,0.272
179.85979788502058,0.52,0.28
179.86007005751134,0.544,0.272
179.8603422300021,0.544,0.272
179.86061440249284,0.52,0.296
179.8608865749836,0.528,0.296
179.86115874747435,0.52,0.28
179.8614309199651,0.52,0.272
179.86170309245585,0.536,0.28800000000000003
179.8619752649466,0.512,0.272
179.8622474374374,0.528,0.28800000000000003
179.86251960992814,0.52,0.272
179.8627917824189,0.528,0.296
179.86306395490965,0.52,0.296
179.8633361274004,0.536,0.272
179.86360829989115,0.536,0.272
179.8638804723819,0.52,0.28
179.86415264487266,0.528,0.272
179.8644248173634,0.52,0.28800000000000003
179.86469698985417,0.52,0.28800000000000003
179.86496916234492,0.536,0.272
179.8652413348357,0.52,0.28
179.86551350732645,0.528,0.272
179.8657856798172,0.528,0.272
179.86605785230796,0.512,0.296
179.8663300247987,0.52,0.296
179.86660219728947,0.536,0.28
179.86687436978022,0.52,0.28800000000000003
179.86714654227097,0.536,0.272
179.86741871476173,0.52,0.296
179.86769088725248,0.536,0.304
179.86796305974323,0.536,0.296
179.868235232234,0.52,0.272
179.86850740472477,0.52,0.28800000000000003
179.86877957721552,0.536,0.272
179.86905174970627,0.536,0.28800000000000003
179.86932392219703,0.52,0.272
179.86959609468778,0.52,0.272
179.86986826717853,0.536,0.28800000000000003
179.87014043966929,0.52,0.28
179.87041261216004,0.536,0.28800000000000003
179.8706847846508,0.52,0.28800000000000003
179.87095695714154,0.528,0.272
179.87122912963233,0.528,0.272
179.87150130212308,0.512,0.304
179.87177347461383,0.52,0.304
179.87204564710458,0.536,0.28
179.87231781959534,0.52,0.28800000000000003
179.8725899920861,0.536,0.28
179.87286216457684,0.52,0.28800000000000003
179.8731343370676,0.528,0.28
179.87340650955835,0.52,0.28800000000000003
179.8736786820491,0.528,0.28
179.87395085453988,0.52,0.272
179.87422302703064,0.536,0.296
179.8744951995214,0.52,0.304
179.87476737201214,0.536,0.28800000000000003
179.8750395445029,0.512,0.28800000000000003
179.87531171699365,0.536,0.272
179.8755838894844,0.52,0.28800000000000003
179.87585606197516,0.536,0.272
179.8761282344659,0.52,0.28800000000000003
179.87640040695666,0.536,0.272
179.87667257944742,0.512,0.272
179.8769447519382,0.536,0.28800000000000003
179.87721692442895,0.528,0.28800000000000003
179.8774890969197,0.52,0.304
179.87776126941046,0.52,0.28800000000000003
179.8780334419012,0.536,0.272
179.87830561439196,0.52,0.272
179.87857778688272,0.528,0.28800000000000003
179.87884995937347,0.52,0.28
179.87912213186422,0.544,0.304
179.87939430435497,0.536,0.304
179.87966647684573,0.52,0.28
179.8799386493365,0.52,0.28800000000000003
179.88021082182726,0.536,0.272
179.88048299431802,0.52,0.272
179.88075516680877,0.536,0.28800000000000003
179.88102733929952,0.52,0.28800000000000003
179.88129951179027,0.536,0.28
179.88157168428103,0.536,0.28
179.88184385677178,0.512,0.272
179.88211602926253,0.512,0.272
179.8823882017533,0.536,0.28800000000000003
179.88266037424407,0.536,0.272
179.88293254673482,0.52,0.28800000000000003
179.88320471922557,0.528,0.272
179.88347689171633,0.512,0.28800000000000003
179.88374906420708,0.52,0.28
179.88402123669783,0.536,0.304
179.8842934091886,0.52,0.28800000000000003
179.88456558167934,0.528,0.272
179.8848377541701,0.528,0.272
179.88510992666085,0.512,0.28800000000000003
179.8853820991516,0.52,0.28
179.88565427164238,0.528,0.296
179.88592644413313,0.52,0.304
179.8861986166239,0.536,0.28800000000000003
179.88647078911464,0.52,0.28
179.8867429616054,0.528,0.296
179.88701513409615,0.52,0.304
179.8872873065869,0.528,0.28
179.88755947907765,0.52,0.28
179.8878316515684,0.544,0.28800000000000003
179.88810382405916,0.52,0.272
179.8883759965499,0.536,0.28800000000000003
179.8886481690407,0.536,0.272
179.88892034153145,0.52,0.296
179.8891925140222,0.52,0.304
179.88946468651295,0.536,0.28
179.8897368590037,0.536,0.28800000000000003
179.89000903149446,0.512,0.272
179.8902812039852,0.52,0.272
179.89055337647596,0.528,0.28800000000000003
179.89082554896672,0.52,0.28
179.89109772145747,0.536,0.28800000000000003
179.89136989394822,0.528,0.272
179.891642066439,0.504,0.28
179.89191423892976,0.52,0.28800000000000003
179.8921864114205,0.536,0.272
179.89245858391126,0.52,0.28800000000000003
179.89273075640202,0.536,0.272
179.89300292889277,0.52,0.28
179.89327510138352,0.536,0.296
179.89354727387428,0.52,0.296
179.89381944636503,0.536,0.28
179.89409161885578,0.52,0.28800000000000003
179.89436379134656,0.536,0.272
179.89463596383732,0.52,0.28800000000000003
179.89490813632807,0.536,0.272
179.89518030881882,0.52,0.272
179.89545248130958,0.528,0.28800000000000003
179.89572465380033,0.536,0.28800000000000003
179.89599682629108,0.512,0.272
179.89626899878184,0.52,0.272
179.8965411712726,0.528,0.28
179.89681334376334,0.52,0.272
179.8970855162541,0.536,0.28800000000000003
179.89735768874488,0.52,0.272
179.89762986123563,0.536,0.28800000000000003
179.89790203372638,0.52,0.28800000000000003
179.89817420621713,0.536,0.272
179.8984463787079,0.528,0.272
179.89871855119864,0.512,0.28800000000000003
179.8989907236894,0.52,0.28
179.89926289618015,0.536,0.28800000000000003
179.8995350686709,0.52,0.28800000000000003
179.89980724116165,0.528,0.272
179.9000794136524,0.52,0.272
179.9003515861432,0.536,0.28800000000000003
179.90062375863394,0.512,0.28
179.9008959311247,0.528,0.296
179.90116810361545,0.52,0.28800000000000003
179.9014402761062,0.536,0.304
179.90171244859695,0.52,0.28800000000000003
179.9019846210877,0.528,0.28
179.90225679357846,0.536,0.272
179.9025289660692,0.52,0.28800000000000003
179.90280113855997,0.512,0.28800000000000003
179.90307331105075,0.536,0.272
179.9033454835415,0.52,0.272
179.90361765603225,0.528,0.28800000000000003
179.903889828523,0.52,0.272
179.90416200101376,0.528,0.28800000000000003
179.9044341735045,0.52,0.28
179.90470634599527,0.528,0.272
179.90497851848602,0.52,0.272
179.90525069097677,0.536,0.28800000000000003
179.90552286346752,0.536,0.272
179.90579503595828,0.512,0.296
179.90606720844906,0.52,0.304
179.9063393809398,0.536,0.28
179.90661155343057,0.52,0.28800000000000003
179.90688372592132,0.536,0.272
179.90715589841207,0.52,0.28800000000000003
179.90742807090282,0.528,0.272
179.90770024339358,0.528,0.296
179.90797241588433,0.512,0.28
179.90824458837508,0.52,0.28800000000000003
179.90851676086584,0.528,0.304
179.9087889333566,0.52,0.28800000000000003
179.90906110584737,0.536,0.28
179.90933327833812,0.528,0.28
179.90960545082888,0.512,0.272
179.90987762331963,0.52,0.272
179.91014979581038,0.528,0.28800000000000003
179.91042196830114,0.52,0.28
179.9106941407919,0.536,0.296
179.91096631328264,0.52,0.296
179.9112384857734,0.536,0.28
179.91151065826415,0.52,0.272
179.9117828307549,0.536,0.296
179.91205500324568,0.512,0.296
179.91232717573644,0.536,0.28
179.9125993482272,0.536,0.28800000000000003
179.91287152071794,0.52,0.272
179.9131436932087,0.528,0.28
179.91341586569945,0.512,0.28800000000000003
179.9136880381902,0.52,0.28800000000000003
179.91396021068095,0.536,0.304
179.9142323831717,0.52,0.296
179.91450455566246,0.528,0.272
179.91477672815324,0.52,0.28
179.915048900644,0.536,0.304
179.91532107313475,0.52,0.304
179.9155932456255,0.528,0.28800000000000003
179.91586541811625,0.512,0.28800000000000003
179.916137590607,0.536,0.28
179.91640976309776,0.52,0.28
179.9166819355885,0.528,0.296
179.91695410807927,0.52,0.304
179.91722628057002,0.528,0.28
179.91749845306077,0.52,0.28800000000000003
179.91777062555155,0.536,0.272
179.9180427980423,0.536,0.28800000000000003
179.91831497053306,0.512,0.272
179.9185871430238,0.52,0.28
179.91885931551457,0.536,0.272
179.91913148800532,0.52,0.272
179.91940366049607,0.536,0.224
179.91967583298683,0.528,0.224
179.91994800547758,0.52,0.112
179.92022017796833,0.52,0.10400000000000001
179.92049235045909,0.536,0.024
179.92076452294987,0.528,0.032
179.92103669544062,0.512,0.0
179.92130886793137,0.536,0.0
179.92158104042213,0.52,-0.008
179.92185321291288,0.52,0.0
179.92212538540363,0.536,-0.016
179.92239755789439,0.52,0.0
179.92266973038514,0.528,-0.016
179.9229419028759,0.528,0.0
179.92321407536664,0.52,-0.016
179.92348624785743,0.52,-0.016
179.92375842034818,0.536,0.0
179.92403059283893,0.52,-0.016
179.92430276532968,0.536,0.0
179.92457493782044,0.52,-0.016
179.9248471103112,0.536,0.0
179.92511928280194,0.52,-0.016
179.9253914552927,0.536,0.0
179.92566362778345,0.536,-0.016
179.9259358002742,0.512,0.0
179.92620797276496,0.52,-0.016
179.92648014525574,0.536,0.0
179.9267523177465,0.52,-0.016
179.92702449023724,0.536,0.0
179.927296662728,0.528,-0.016
179.92756883521875,0.544,0.0
179.9278410077095,0.52,-0.016
179.92811318020026,0.536,0.0
179.928385352691,0.52,0.0
179.92865752518176,0.528,-0.016
179.92892969767252,0.52,-0.016
179.92920187016327,0.536,0.0
179.92947404265405,0.52,0.0
179.9297462151448,0.536,-0.016
179.93001838763556,0.536,0.0
179.9302905601263,0.52,-0.016
179.93056273261706,0.52,-0.016
179.93083490510782,0.544,0.0
179.93110707759857,0.536,-0.016
179.93137925008932,0.52,0.0
179.93165142258007,0.536,-0.016
179.93192359507083,0.52,0.0
179.93219576756158,0.52,-0.016
179.93246794005236,0.536,0.0
179.93274011254312,0.52,-0.016
179.93301228503387,0.536,0.0
179.93328445752462,0.52,-0.016
179.93355663001537,0.536,0.0
179.93382880250613,0.544,-0.016
179.93410097499688,0.52,-0.008
179.93437314748763,0.536,-0.016
179.9346453199784,0.52,0.0
179.93491749246914,0.52,-0.016
179.93518966495992,0.536,-0.008
179.93546183745067,0.512,-0.016
179.93573400994143,0.528,-0.008
179.93600618243218,0.52,-0.016
179.93627835492293,0.528,-0.008
179.9365505274137,0.536,-0.016
179.93682269990444,0.512,0.0
179.9370948723952,0.536,-0.016
179.93736704488595,0.512,0.0
179.9376392173767,0.512,-0.008
179.93791138986745,0.536,-0.016
179.93818356235823,0.52,-0.016
179.938455734849,0.528,0.0
179.93872790733974,0.52,-0.016
179.9390000798305,0.536,0.0
179.93927225232125,0.52,-0.016
179.939544424812,0.536,0.0
179.93981659730275,0.512,0.0
179.9400887697935,0.528,-0.016
179.94036094228426,0.52,-0.016
179.940633114775,0.536,-0.008
179.94090528726576,0.52,-0.016
179.94117745975655,0.536,-0.008
179.9414496322473,0.52,-0.008
179.94172180473805,0.536,-0.016
179.9419939772288,0.52,-0.008
179.94226614971956,0.528,-0.016
179.9425383222103,0.512,-0.016
179.94281049470106,0.528,0.0
179.94308266719182,0.52,-0.008
179.94335483968257,0.528,-0.016
179.94362701217332,0.52,-0.016
179.9438991846641,0.536,0.0
179.94417135715486,0.528,-0.016
179.9444435296456,0.512,-0.008
179.94471570213636,0.52,-0.008
179.94498787462712,0.512,-0.016
179.94526004711787,0.52,-0.016
179.94553221960862,0.536,-0.008
179.94580439209938,0.536,-0.008
179.94607656459013,0.52,-0.016
179.94634873708088,0.536,-0.016
179.94662090957164,0.52,-0.008
179.94689308206242,0.52,-0.008
179.94716525455317,0.528,-0.016
179.94743742704392,0.536,-0.008
179.94770959953468,0.512,-0.016
179.94798177202543,0.512,-0.016
179.94825394451618,0.528,-0.008
179.94852611700694,0.536,-0.016
179.9487982894977,0.512,-0.008
179.94907046198844,0.52,-0.008
179.9493426344792,0.536,-0.016
179.94961480696995,0.52,-0.008
179.94988697946073,0.536,-0.016
179.95015915195148,0.52,-0.008
179.95043132444223,0.536,-0.016
179.950703496933,0.52,-0.016
179.95097566942374,0.528,-0.008
179.9512478419145,0.528,-0.016
179.95152001440525,0.512,0.0
179.951792186896,0.512,-0.008
179.95206435938675,0.536,-0.016
179.9523365318775,0.52,-0.008
179.95260870436826,0.536,-0.016
179.95288087685904,0.528,-0.008
179.9531530493498,0.512,-0.016
179.95342522184055,0.52,-0.008
179.9536973943313,0.536,-0.016
179.95396956682205,0.536,-0.008
179.9542417393128,0.512,-0.016
179.95451391180356,0.512,-0.008
179.9547860842943,0.528,-0.016
179.95505825678507,0.512,-0.016
179.95533042927582,0.536,0.0
179.9556026017666,0.52,-0.008
179.95587477425735,0.528,-0.016
179.9561469467481,0.52,-0.016
179.95641911923886,0.528,-0.008
179.9566912917296,0.528,-0.008
179.95696346422037,0.512,-0.016
179.95723563671112,0.52,-0.016
179.95750780920187,0.536,-0.008
179.95777998169262,0.52,-0.008
179.95805215418338,0.536,-0.016
179.95832432667413,0.512,-0.008
179.9585964991649,0.536,-0.016
179.95886867165567,0.528,-0.016
179.95914084414642,0.52,-0.008
179.95941301663717,0.52,0.0
179.95968518912792,0.528,-0.016
179.95995736161868,0.52,-0.008
179.96022953410943,0.528,-0.016
179.96050170660018,0.528,-0.016
179.96077387909094,0.52,-0.008
179.9610460515817,0.52,-0.008
179.96131822407244,0.536,-0.016
179.96159039656322,0.52,-0.008
179.96186256905398,0.536,-0.016
179.96213474154473,0.528,-0.016
179.96240691403548,0.512,0.0
179.96267908652624,0.528,-0.008
179.962951259017,0.512,-0.016
179.96322343150774,0.52,-0.016
179.9634956039985,0.536,-0.008
179.96376777648925,0.528,-0.008
179.96403994898,0.52,-0.016
179.96431212147078,0.52,-0.008
179.96458429396154,0.536,-0.016
179.9648564664523,0.536,-0.008
179.96512863894304,0.512,-0.016
179.9654008114338,0.52,-0.016
179.96567298392455,0.528,-0.008
179.9659451564153,0.52,-0.016
179.96621732890605,0.536,0.0
179.9664895013968,0.512,-0.016
179.96676167388756,0.536,0.0
179.9670338463783,0.52,-0.008
179.9673060188691,0.536,-0.016
179.96757819135985,0.52,-0.016
179.9678503638506,0.536,-0.008
179.96812253634135,0.52,-0.008
179.9683947088321,0.536,-0.016
179.96866688132286,0.528,-0.016
179.9689390538136,0.512,-0.008
179.96921122630437,0.52,-0.008
179.96948339879512,0.536,-0.016
179.96975557128587,0.52,-0.008
179.97002774377663,0.528,-0.016
179.9702999162674,0.512,-0.008
179.97057208875816,0.528,-0.016
179.9708442612489,0.528,-0.008
179.97111643373967,0.52,-0.016
179.97138860623042,0.512,-0.016
179.97166077872117,0.528,-0.008
179.97193295121193,0.52,-0.008
179.97220512370268,0.536,-0.016
179.97247729619343,0.52,-0.016
179.97274946868419,0.528,-0.008
179.97302164117494,0.52,-0.016
179.97329381366572,0.528,-0.008
179.97356598615647,0.52,0.0
179.97383815864723,0.536,-0.016
179.97411033113798,0.528,-0.016
179.97438250362873,0.52,-0.008
179.97465467611948,0.52,-0.016
179.97492684861024,0.536,0.0
179.975199021101,0.536,-0.016
179.97547119359174,0.52,-0.008
179.9757433660825,0.52,-0.016
179.97601553857328,0.528,-0.008
179.97628771106403,0.528,-0.016
179.97655988355478,0.52,-0.008
179.97683205604554,0.52,-0.016
179.9771042285363,0.536,-0.008
179.97737640102704,0.528,-0.016
179.9776485735178,0.536,-0.008
179.97792074600855,0.52,-0.008
179.9781929184993,0.544,-0.016
179.97846509099006,0.52,-0.016
179.9787372634808,0.528,-0.008
179.9790094359716,0.528,-0.016
179.97928160846234,0.512,-0.008
179.9795537809531,0.52,-0.016
179.97982595344385,0.536,-0.008
179.9800981259346,0.512,-0.016
179.98037029842536,0.536,-0.008
179.9806424709161,0.52,-0.016
179.98091464340686,0.528,-0.008
179.98118681589762,0.528,-0.016
179.98145898838837,0.512,-0.008
179.98173116087912,0.52,-0.008
179.9820033333699,0.536,-0.016
179.98227550586066,0.52,-0.008
179.9825476783514,0.536,-0.016
179.98281985084216,0.52,-0.008
179.98309202333292,0.536,-0.016
179.98336419582367,0.52,-0.016
179.98363636831442,0.536,-0.008
179.98390854080517,0.52,-0.008
179.98418071329593,0.536,-0.016
179.98445288578668,0.52,-0.016
179.98472505827746,0.544,-0.008
179.98499723076822,0.536,-0.016
179.98526940325897,0.52,0.0
179.98554157574972,0.52,-0.016
179.98581374824047,0.536,0.0
179.98608592073123,0.52,-0.008
179.98635809322198,0.536,-0.016
179.98663026571273,0.52,0.0
179.9869024382035,0.536,-0.016
179.98717461069424,0.52,-0.008
179.987446783185,0.536,0.016
179.98771895567577,0.52,0.024
179.98799112816653,0.528,0.096
179.98826330065728,0.52,0.10400000000000001
179.98853547314803,0.528,0.2
179.9888076456388,0.52,0.2
179.98907981812954,0.528,0.264
179.9893519906203,0.536,0.256
179.98962416311105,0.52,0.28
179.9898963356018,0.528,0.272
179.99016850809255,0.512,0.304
179.9904406805833,0.52,0.304
179.9907128530741,0.536,0.28
179.99098502556484,0.528,0.28800000000000003
179.9912571980556,0.512,0.272
179.99152937054635,0.52,0.272
179.9918015430371,0.536,0.28800000000000003
179.99207371552785,0.52,0.28
179.9923458880186,0.536,0.296
179.99261806050936,0.52,0.28800000000000003
179.9928902330001,0.536,0.272
179.99316240549086,0.52,0.272
179.99343457798162,0.528,0.28800000000000003
179.9937067504724,0.512,0.28
179.99397892296315,0.536,0.304
179.9942510954539,0.536,0.304
179.99452326794466,0.52,0.28800000000000003
179.9947954404354,0.52,0.296
179.99506761292616,0.536,0.28
179.99533978541692,0.52,0.272
179.99561195790767,0.536,0.296
179.99588413039842,0.52,0.28800000000000003
179.99615630288918,0.536,0.304
179.99642847537996,0.52,0.272
179.9967006478707,0.536,0.28800000000000003
179.99697282036146,0.52,0.28800000000000003
179.99724499285222,0.536,0.272
179.99751716534297,0.52,0.304
179.99778933783372,0.528,0.28
179.99806151032448,0.528,0.28
179.99833368281523,0.496,0.28800000000000003
179.99860585530598,0.504,0.28800000000000003
179.99887802779674,0.528,0.28
179.9991502002875,0.52,0.28800000000000003
179.99942237277827,0.536,0.28
179.99969454526902,0.536,0.28800000000000003
179.99996671775978,0.512,0.272
180.00023889025053,0.512,0.272
180.00051106274128,0.528,0.304
180.00078323523203,0.528,0.296
180.0010554077228,0.512,0.28
180.00132758021354,0.52,0.28800000000000003
180.0015997527043,0.528,0.28
180.00187192519505,0.52,0.28800000000000003
180.0021440976858,0.536,0.28
180.00241627017658,0.52,0.28800000000000003
180.00268844266733,0.528,0.272
180.0029606151581,0.52,0.272
180.00323278764884,0.536,0.28800000000000003
180.0035049601396,0.52,0.272
180.00377713263035,0.528,0.28800000000000003
180.0040493051211,0.52,0.272
180.00432147761185,0.536,0.28800000000000003
180.0045936501026,0.52,0.28800000000000003
180.00486582259336,0.536,0.272
180.00513799508414,0.528,0.272
180.0054101675749,0.52,0.28
180.00568234006565,0.52,0.28
180.0059545125564,0.528,0.272
180.00622668504715,0.52,0.272
180.0064988575379,0.544,0.28800000000000003
180.00677103002866,0.528,0.272
180.0070432025194,0.512,0.28800000000000003
180.00731537501017,0.512,0.28800000000000003
180.00758754750092,0.536,0.272
180.00785971999167,0.536,0.28
180.00813189248245,0.52,0.304
180.0084040649732,0.528,0.28
180.00867623746396,0.512,0.28800000000000003
180.0089484099547,0.52,0.28800000000000003
180.00922058244547,0.536,0.28
180.00949275493622,0.52,0.272
180.00976492742697,0.528,0.296
180.01003709991772,0.52,0.296
180.01030927240848,0.536,0.28800000000000003
180.01058144489923,0.52,0.28800000000000003
180.01085361738998,0.528,0.272
180.01112578988077,0.52,0.28800000000000003
180.01139796237152,0.536,0.272
180.01167013486227,0.52,0.272
180.01194230735302,0.536,0.28800000000000003
180.01221447984378,0.52,0.28
180.01248665233453,0.536,0.304
180.01275882482528,0.52,0.296
180.01303099731604,0.536,0.28
180.0133031698068,0.52,0.28800000000000003
180.01357534229754,0.536,0.28
180.0138475147883,0.52,0.272
180.01411968727908,0.528,0.28800000000000003
180.01439185976983,0.52,0.28
180.01466403226058,0.536,0.304
180.01493620475134,0.536,0.296
180.0152083772421,0.52,0.28
180.01548054973284,0.512,0.28
180.0157527222236,0.536,0.272
180.01602489471435,0.536,0.272
180.0162970672051,0.512,0.28800000000000003
180.01656923969585,0.528,0.272
180.01684141218664,0.52,0.28800000000000003
180.0171135846774,0.52,0.28800000000000003
180.01738575716814,0.528,0.304
180.0176579296589,0.52,0.28800000000000003
180.01793010214965,0.528,0.272
180.0182022746404,0.512,0.272
180.01847444713115,0.536,0.28800000000000003
180.0187466196219,0.52,0.272
180.01901879211266,0.536,0.28800000000000003
180.0192909646034,0.52,0.28
180.01956313709417,0.536,0.296
180.01983530958495,0.52,0.304
180.0201074820757,0.528,0.28
180.02037965456645,0.52,0.28800000000000003
180.0206518270572,0.536,0.272
180.02092399954796,0.528,0.272
180.0211961720387,0.52,0.28800000000000003
180.02146834452947,0.536,0.28800000000000003
180.02174051702022,0.52,0.272
180.02201268951097,0.52,0.272
180.02228486200173,0.536,0.28800000000000003
180.02255703449248,0.52,0.272
180.02282920698326,0.536,0.296
180.023101379474,0.528,0.304
180.02337355196477,0.52,0.28
180.02364572445552,0.512,0.28800000000000003
180.02391789694627,0.536,0.272
180.02419006943703,0.536,0.272
180.02446224192778,0.52,0.28800000000000003
180.02473441441853,0.544,0.272
180.02500658690929,0.52,0.28800000000000003
180.02527875940004,0.52,0.28
180.02555093189082,0.536,0.296
180.02582310438157,0.52,0.296
180.02609527687233,0.536,0.28
180.02636744936308,0.52,0.28800000000000003
180.02663962185383,0.536,0.28
180.02691179434458,0.52,0.296
180.02718396683534,0.536,0.272
180.0274561393261,0.528,0.272
180.02772831181684,0.512,0.28800000000000003
180.0280004843076,0.528,0.272
180.02827265679835,0.512,0.28800000000000003
180.02854482928913,0.512,0.272
180.02881700177988,0.528,0.28800000000000003
180.02908917427064,0.512,0.28
180.0293613467614,0.536,0.28800000000000003
180.02963351925214,0.52,0.28
180.0299056917429,0.536,0.296
180.03017786423365,0.528,0.28800000000000003
180.0304500367244,0.512,0.272
180.03072220921516,0.52,0.272
180.0309943817059,0.528,0.28800000000000003
180.03126655419666,0.52,0.272
180.03153872668744,0.536,0.28800000000000003
180.0318108991782,0.536,0.272
180.03208307166895,0.512,0.28800000000000003
180.0323552441597,0.52,0.28800000000000003
180.03262741665046,0.536,0.272
180.0328995891412,0.544,0.272
180.03317176163196,0.52,0.28
180.03344393412272,0.528,0.272
180.03371610661347,0.52,0.28800000000000003
180.03398827910422,0.52,0.28800000000000003
180.03426045159497,0.536,0.272
180.03453262408576,0.52,0.28
180.0348047965765,0.536,0.272
180.03507696906726,0.528,0.272
180.03534914155802,0.512,0.28800000000000003
180.03562131404877,0.52,0.28
180.03589348653952,0.536,0.272
180.03616565903027,0.52,0.272
180.03643783152103,0.528,0.28800000000000003
180.03671000401178,0.52,0.272
180.03698217650253,0.528,0.28800000000000003
180.03725434899332,0.536,0.28800000000000003
180.03752652148407,0.512,0.304
180.03779869397482,0.52,0.296
180.03807086646557,0.536,0.28
180.03834303895633,0.52,0.28800000000000003
180.03861521144708,0.528,0.28
180.03888738393783,0.52,0.28800000000000003
180.0391595564286,0.536,0.272
180.03943172891934,0.52,0.272
180.0397039014101,0.536,0.296
180.03997607390085,0.536,0.296
180.04024824639163,0.512,0.28
180.04052041888238,0.512,0.28800000000000003
180.04079259137313,0.536,0.272
180.0410647638639,0.52,0.272
180.04133693635464,0.528,0.28800000000000003
180.0416091088454,0.52,0.28800000000000003
180.04188128133615,0.536,0.272
180.0421534538269,0.528,0.272
180.04242562631765,0.512,0.296
180.0426977988084,0.52,0.304
180.04296997129916,0.536,0.28800000000000003
180.04324214378994,0.536,0.28800000000000003
180.0435143162807,0.512,0.272
180.04378648877145,0.52,0.272
180.0440586612622,0.536,0.304
180.04433083375295,0.528,0.304
180.0446030062437,0.544,0.28
180.04487517873446,0.528,0.28
180.0451473512252,0.536,0.28800000000000003
180.04541952371596,0.528,0.28800000000000003
180.04569169620672,0.512,0.28
180.0459638686975,0.52,0.272
180.04623604118825,0.528,0.28800000000000003
180.046508213679,0.52,0.272
180.04678038616976,0.544,0.296
180.0470525586605,0.512,0.296
180.04732473115126,0.536,0.28
180.04759690364202,0.52,0.28800000000000003
180.04786907613277,0.536,0.272
180.04814124862352,0.52,0.272
180.04841342111428,0.536,0.28800000000000003
180.04868559360503,0.52,0.28
180.0489577660958,0.528,0.304
180.04922993858656,0.52,0.28800000000000003
180.04950211107732,0.536,0.272
180.04977428356807,0.52,0.272
180.05004645605882,0.536,0.28800000000000003
180.05031862854958,0.536,0.28
180.05059080104033,0.52,0.28800000000000003
180.05086297353108,0.52,0.28
180.05113514602183,0.536,0.304
180.0514073185126,0.52,0.304
180.05167949100334,0.536,0.296
180.05195166349412,0.536,0.304
180.05222383598488,0.52,0.28
180.05249600847563,0.52,0.28800000000000003
180.05276818096638,0.536,0.28
180.05304035345713,0.528,0.304
180.0533125259479,0.512,0.28
180.05358469843864,0.52,0.28800000000000003
180.0538568709294,0.536,0.272
180.05412904342015,0.52,0.28
180.0544012159109,0.536,0.28800000000000003
180.05467338840165,0.512,0.272
180.05494556089243,0.536,0.28800000000000003
180.0552177333832,0.528,0.264
180.05548990587394,0.52,0.216
180.0557620783647,0.528,0.216
180.05603425085545,0.52,0.112
180.0563064233462,0.528,0.10400000000000001
180.05657859583695,0.512,0.024
180.0568507683277,0.52,0.024
180.05712294081846,0.536,0.0
180.0573951133092,0.528,0.008
180.0576672858,0.52,-0.008
180.05793945829075,0.528,0.0
180.0582116307815,0.52,-0.016
180.05848380327225,0.52,-0.016
180.058755975763,0.536,0.0
180.05902814825376,0.52,-0.016
180.0593003207445,0.536,0.0
180.05957249323527,0.52,-0.016
180.05984466572602,0.536,0.0
180.06011683821677,0.52,0.0
180.06038901070752,0.528,-0.016
180.0606611831983,0.52,0.0
180.06093335568906,0.536,-0.016
180.0612055281798,0.52,-0.016
180.06147770067057,0.528,0.0
180.06174987316132,0.52,0.0
180.06202204565207,0.528,-0.016
180.06229421814282,0.536,-0.016
180.06256639063358,0.512,0.0
180.06283856312433,0.512,-0.016
180.06311073561508,0.536,0.0
180.06338290810584,0.52,0.0
180.06365508059662,0.536,-0.016
180.06392725308737,0.52,-0.008
180.06419942557812,0.528,-0.016
180.06447159806888,0.52,-0.016
180.06474377055963,0.528,0.0
180.06501594305038,0.536,-0.016
180.06528811554114,0.512,-0.008
180.0655602880319,0.52,-0.016
180.06583246052264,0.536,0.0
180.0661046330134,0.52,-0.016
180.06637680550418,0.528,0.0
180.06664897799493,0.52,-0.008
180.06692115048568,0.528,-0.016
180.06719332297644,0.52,0.0
180.0674654954672,0.536,-0.016
180.06773766795794,0.52,-0.008
180.0680098404487,0.536,-0.016
180.06828201293945,0.528,-0.016
180.0685541854302,0.52,0.0
180.06882635792095,0.52,-0.016
180.0690985304117,0.536,0.0
180.0693707029025,0.52,-0.016
180.06964287539324,0.536,0.0
180.069915047884,0.528,-0.016
180.07018722037475,0.512,0.0
180.0704593928655,0.52,-0.016
180.07073156535625,0.536,0.0
180.071003737847,0.52,0.0
180.07127591033776,0.536,-0.016
180.0715480828285,0.52,-0.008
180.07182025531927,0.536,-0.016
180.07209242781002,0.52,-0.016
180.0723646003008,0.536,0.0
180.07263677279155,0.52,0.0
180.0729089452823,0.528,-0.016
180.07318111777306,0.536,-0.016
180.0734532902638,0.52,0.0
180.07372546275457,0.52,-0.016
180.07399763524532,0.528,-0.008
180.07426980773607,0.52,-0.008
180.07454198022683,0.536,-0.016
180.07481415271758,0.544,0.0
180.07508632520833,0.512,-0.016
180.0753584976991,0.512,-0.016
180.07563067018987,0.536,0.0
180.07590284268062,0.52,-0.016
180.07617501517137,0.536,0.0
180.07644718766213,0.52,-0.016
180.07671936015288,0.536,0.0
180.07699153264363,0.52,-0.008
180.07726370513438,0.536,-0.016
180.07753587762514,0.512,-0.016
180.0778080501159,0.536,-0.008
180.07808022260667,0.528,-0.008
180.07835239509743,0.512,-0.016
180.07862456758818,0.52,-0.008
180.07889674007893,0.528,-0.016
180.07916891256968,0.528,-0.008
180.07944108506044,0.512,-0.016
180.0797132575512,0.52,-0.008
180.07998543004194,0.536,-0.016
180.0802576025327,0.52,-0.016
180.08052977502345,0.536,0.0
180.0808019475142,0.512,-0.016
180.08107412000498,0.528,0.0
180.08134629249574,0.52,-0.016
180.0816184649865,0.536,0.0
180.08189063747724,0.52,-0.016
180.082162809968,0.536,-0.008
180.08243498245875,0.52,-0.008
180.0827071549495,0.536,-0.016
180.08297932744026,0.52,-0.016
180.083251499931,0.528,-0.008
180.08352367242176,0.528,-0.016
180.08379584491252,0.512,-0.008
180.0840680174033,0.528,-0.008
180.08434018989405,0.512,-0.016
180.0846123623848,0.512,-0.016
180.08488453487556,0.528,-0.008
180.0851567073663,0.52,-0.016
180.08542887985706,0.536,-0.008
180.08570105234782,0.52,-0.016
180.08597322483857,0.528,0.0
180.08624539732932,0.52,-0.008
180.08651756982007,0.528,-0.016
180.08678974231086,0.52,-0.016
180.0870619148016,0.536,-0.008
180.08733408729236,0.536,-0.016
180.08760625978312,0.512,0.0
180.08787843227387,0.512,-0.016
180.08815060476462,0.536,-0.008
180.08842277725537,0.536,-0.016
180.08869494974613,0.52,-0.008
180.08896712223688,0.536,-0.016
180.08923929472763,0.52,-0.008
180.0895114672184,0.52,-0.016
180.08978363970917,0.528,0.0
180.09005581219992,0.52,-0.008
180.09032798469067,0.536,-0.016
180.09060015718143,0.528,-0.008
180.09087232967218,0.52,-0.016
180.09114450216293,0.52,-0.016
180.0914166746537,0.536,0.0
180.09168884714444,0.52,-0.008
180.0919610196352,0.528,-0.016
180.09223319212595,0.512,-0.008
180.0925053646167,0.528,-0.016
180.09277753710748,0.52,-0.016
180.09304970959823,0.536,-0.008
180.093321882089,0.528,-0.008
180.09359405457974,0.512,-0.016
180.0938662270705,0.52,-0.016
180.09413839956125,0.536,-0.008
180.094410572052,0.52,-0.008
180.09468274454275,0.528,-0.016
180.0949549170335,0.536,-0.008
180.09522708952426,0.52,-0.016
180.095499262015,0.52,-0.016
180.0957714345058,0.536,0.0
180.09604360699655,0.528,-0.008
180.0963157794873,0.512,-0.016
180.09658795197805,0.528,-0.016
180.0968601244688,0.512,-0.008
180.09713229695956,0.52,-0.016
180.0974044694503,0.536,-0.008
180.09767664194106,0.52,-0.016
180.09794881443182,0.528,-0.008
180.09822098692257,0.52,-0.016
180.09849315941335,0.536,0.0
180.0987653319041,0.52,-0.016
180.09903750439486,0.536,0.0
180.0993096768856,0.528,-0.016
180.09958184937636,0.52,-0.008
180.09985402186712,0.536,-0.016
180.10012619435787,0.512,-0.008
180.10039836684862,0.528,-0.008
180.10067053933938,0.512,-0.016
180.10094271183013,0.52,-0.016
180.10121488432088,0.536,-0.008
180.10148705681166,0.52,-0.008
180.10175922930242,0.528,-0.016
180.10203140179317,0.528,0.0
180.10230357428392,0.52,-0.016
180.10257574677468,0.52,-0.016
180.10284791926543,0.544,-0.008
180.10312009175618,0.536,-0.008
180.10339226424693,0.52,-0.016
180.1036644367377,0.528,-0.008
180.10393660922844,0.536,-0.016
180.1042087817192,0.528,-0.008
180.10448095420998,0.52,-0.016
180.10475312670073,0.52,-0.008
180.10502529919148,0.536,-0.016
180.10529747168223,0.52,-0.016
180.105569644173,0.536,-0.008
180.10584181666374,0.536,-0.008
180.1061139891545,0.52,-0.016
180.10638616164525,0.528,-0.008
180.106658334136,0.52,-0.016
180.10693050662675,0.52,-0.008
180.10720267911753,0.536,-0.016
180.1074748516083,0.52,-0.016
180.10774702409904,0.536,0.0
180.1080191965898,0.52,-0.008
180.10829136908055,0.536,-0.016
180.1085635415713,0.536,-0.008
180.10883571406205,0.512,-0.016
180.1091078865528,0.52,-0.008
180.10938005904356,0.536,-0.016
180.1096522315343,0.52,-0.008
180.10992440402507,0.536,-0.016
180.11019657651585,0.52,-0.016
180.1104687490066,0.536,-0.008
180.11074092149735,0.52,-0.008
180.1110130939881,0.536,-0.016
180.11128526647886,0.528,-0.016
180.1115574389696,0.512,-0.008
180.11182961146037,0.52,-0.008
180.11210178395112,0.528,-0.016
180.11237395644187,0.52,-0.008
180.11264612893262,0.528,-0.016
180.11291830142338,0.536,-0.016
180.11319047391416,0.512,0.0
180.1134626464049,0.52,-0.016
180.11373481889567,0.528,0.0
180.11400699138642,0.512,-0.008
180.11427916387717,0.528,-0.016
180.11455133636792,0.52,-0.016
180.11482350885868,0.536,-0.008
180.11509568134943,0.536,-0.008
180.11536785384018,0.512,-0.016
180.11564002633094,0.512,-0.008
180.1159121988217,0.528,-0.016
180.11618437131247,0.512,-0.016
180.11645654380322,0.536,-0.008
180.11672871629398,0.52,-0.016
180.11700088878473,0.528,0.0
180.11727306127548,0.52,-0.016
180.11754523376624,0.528,-0.008
180.117817406257,0.52,-0.008
180.11808957874774,0.536,-0.016
180.1183617512385,0.536,-0.016
180.11863392372925,0.52,-0.008
180.11890609622003,0.528,-0.016
180.11917826871078,0.512,-0.008
180.11945044120154,0.52,-0.016
180.1197226136923,0.528,0.0
180.11999478618304,0.52,-0.008
180.1202669586738,0.536,-0.016
180.12053913116455,0.52,-0.008
180.1208113036553,0.528,-0.016
180.12108347614605,0.52,-0.008
180.1213556486368,0.528,-0.016
180.12162782112756,0.528,-0.016
180.12189999361834,0.512,-0.008
180.1221721661091,0.52,-0.008
180.12244433859985,0.528,-0.016
180.1227165110906,0.52,-0.016
180.12298868358135,0.536,0.0
180.1232608560721,0.512,-0.008
180.12353302856286,0.536,0.016
180.1238052010536,0.52,0.016
180.12407737354437,0.528,0.10400000000000001
180.12434954603512,0.52,0.10400000000000001
180.12462171852587,0.536,0.20800000000000002
180.12489389101665,0.528,0.20800000000000002
180.1251660635074,0.52,0.256
180.12543823599816,0.512,0.264
180.1257104084889,0.536,0.28
180.12598258097967,0.52,0.272
180.12625475347042,0.536,0.28800000000000003
180.12652692596117,0.536,0.28800000000000003
180.12679909845193,0.52,0.272
180.12707127094268,0.52,0.272
180.12734344343343,0.536,0.296
180.1276156159242,0.52,0.304
180.12788778841497,0.528,0.28
180.12815996090572,0.52,0.28800000000000003
180.12843213339647,0.536,0.28
180.12870430588723,0.512,0.28800000000000003
180.12897647837798,0.536,0.272
180.12924865086873,0.52,0.28
180.12952082335948,0.536,0.304
180.12979299585024,0.544,0.296
180.130065168341,0.52,0.272
180.13033734083174,0.52,0.272
180.13060951332253,0.528,0.28800000000000003
180.13088168581328,0.528,0.28800000000000003
180.13115385830403,0.52,0.272
180.13142603079478,0.52,0.272
180.13169820328554,0.528,0.296
180.1319703757763,0.52,0.296
180.13224254826704,0.536,0.28800000000000003
180.1325147207578,0.536,0.28800000000000003
180.13278689324855,0.512,0.272
180.1330590657393,0.52,0.272
180.13333123823006,0.536,0.28
180.13360341072084,0.536,0.272
180.1338755832116,0.512,0.296
180.13414775570234,0.512,0.296
180.1344199281931,0.528,0.272
180.13469210068385,0.52,0.272
180.1349642731746,0.536,0.296
180.13523644566536,0.52,0.28800000000000003
180.1355086181561,0.536,0.272
180.13578079064686,0.536,0.272
180.13605296313762,0.52,0.28800000000000003
180.13632513562837,0.52,0.28
180.13659730811915,0.544,0.272
180.1368694806099,0.52,0.28
180.13714165310066,0.536,0.296
180.1374138255914,0.52,0.296
180.13768599808216,0.536,0.272
180.13795817057292,0.52,0.28800000000000003
180.13823034306367,0.536,0.272
180.13850251555442,0.52,0.28
180.13877468804517,0.536,0.296
180.13904686053593,0.52,0.28800000000000003
180.1393190330267,0.536,0.304
180.13959120551746,0.52,0.296
180.13986337800822,0.536,0.28
180.14013555049897,0.52,0.28800000000000003
180.14040772298972,0.536,0.272
180.14067989548047,0.52,0.28
180.14095206797123,0.536,0.296
180.14122424046198,0.52,0.296
180.14149641295273,0.528,0.28
180.1417685854435,0.52,0.272
180.14204075793424,0.536,0.28800000000000003
180.14231293042502,0.528,0.304
180.14258510291577,0.512,0.28
180.14285727540653,0.512,0.272
180.14312944789728,0.528,0.28800000000000003
180.14340162038803,0.528,0.28
180.1436737928788,0.512,0.272
180.14394596536954,0.52,0.272
180.1442181378603,0.528,0.28800000000000003
180.14449031035105,0.52,0.296
180.1447624828418,0.536,0.28
180.14503465533255,0.52,0.272
180.14530682782333,0.536,0.28800000000000003
180.1455790003141,0.52,0.28
180.14585117280484,0.528,0.28800000000000003
180.1461233452956,0.52,0.28
180.14639551778635,0.536,0.28800000000000003
180.1466676902771,0.52,0.28
180.14693986276785,0.528,0.304
180.1472120352586,0.52,0.304
180.14748420774936,0.536,0.28
180.1477563802401,0.52,0.272
180.1480285527309,0.536,0.28800000000000003
180.14830072522165,0.528,0.28800000000000003
180.1485728977124,0.512,0.272
180.14884507020315,0.52,0.272
180.1491172426939,0.536,0.28
180.14938941518466,0.536,0.28
180.1496615876754,0.52,0.272
180.14993376016616,0.52,0.272
180.15020593265692,0.528,0.28
180.15047810514767,0.52,0.28
180.15075027763842,0.536,0.272
180.1510224501292,0.52,0.272
180.15129462261996,0.536,0.28
180.1515667951107,0.512,0.272
180.15183896760146,0.536,0.296
180.15211114009222,0.512,0.28800000000000003
180.15238331258297,0.536,0.272
180.15265548507372,0.52,0.272
180.15292765756448,0.536,0.28800000000000003
180.15319983005523,0.52,0.272
180.15347200254598,0.536,0.28800000000000003
180.15374417503673,0.52,0.296
180.15401634752752,0.536,0.28
180.15428852001827,0.536,0.28800000000000003
180.15456069250902,0.512,0.272
180.15483286499978,0.52,0.28
180.15510503749053,0.536,0.296
180.15537720998128,0.52,0.28800000000000003
180.15564938247203,0.536,0.272
180.1559215549628,0.52,0.28
180.15619372745354,0.536,0.272
180.1564658999443,0.52,0.272
180.15673807243505,0.536,0.28800000000000003
180.15701024492583,0.528,0.28
180.15728241741658,0.536,0.304
180.15755458990733,0.52,0.296
180.1578267623981,0.536,0.28
180.15809893488884,0.52,0.272
180.1583711073796,0.528,0.28800000000000003
180.15864327987035,0.52,0.272
180.1589154523611,0.536,0.28800000000000003
180.15918762485185,0.52,0.28
180.1594597973426,0.528,0.272
180.1597319698334,0.52,0.272
180.16000414232414,0.544,0.296
180.1602763148149,0.528,0.296
180.16054848730565,0.544,0.28
180.1608206597964,0.52,0.28800000000000003
180.16109283228715,0.536,0.272
180.1613650047779,0.52,0.28800000000000003
180.16163717726866,0.536,0.272
180.1619093497594,0.52,0.28800000000000003
180.16218152225017,0.528,0.272
180.16245369474092,0.52,0.28
180.1627258672317,0.536,0.272
180.16299803972245,0.52,0.272
180.1632702122132,0.528,0.296
180.16354238470396,0.512,0.304
180.1638145571947,0.536,0.28800000000000003
180.16408672968547,0.52,0.28800000000000003
180.16435890217622,0.528,0.272
180.16463107466697,0.52,0.28
180.16490324715772,0.528,0.272
180.16517541964848,0.52,0.272
180.16544759213923,0.536,0.28
180.16571976463,0.52,0.272
180.16599193712076,0.536,0.28800000000000003
180.16626410961152,0.52,0.28
180.16653628210227,0.536,0.272
180.16680845459302,0.52,0.272
180.16708062708378,0.544,0.296
180.16735279957453,0.536,0.28800000000000003
180.16762497206528,0.512,0.304
180.16789714455604,0.512,0.296
180.1681693170468,0.536,0.28
180.16844148953757,0.528,0.28800000000000003
180.16871366202832,0.512,0.272
180.16898583451908,0.512,0.28
180.16925800700983,0.528,0.272
180.16953017950058,0.528,0.28
180.16980235199134,0.512,0.272
180.1700745244821,0.512,0.272
180.17034669697284,0.52,0.28
180.1706188694636,0.512,0.272
180.17089104195435,0.536,0.304
180.1711632144451,0.52,0.304
180.17143538693588,0.528,0.28
180.17170755942664,0.528,0.28
180.1719797319174,0.512,0.272
180.17225190440814,0.52,0.272
180.1725240768989,0.536,0.28
